<100>,<Real Madrid>,<7>,<Cristiano Ronaldo>,<98>,<2>,<Sergio Ramos>,<30>,<12>,<Marco Asensio>,<37>,<11>,<Gareth Bale>,<82>
<94>,<FC Barcelona>,<10>,<Lionel Messi>,<95>,<5>,<Andres Iniesta>,<20>,<7>,<Neymar>,<70>,<8>,<Sergi Roberto>,<20>
<70>,<Atletico Madrid>,<7>,<Antoine Griezman>,<94>,<8>,<Diego Costa>,<70>,<7>,<Yannick Carrasco>,<60>,<3>,<Lucas Hernandez>,<21>
<52>,<Valencia C.F.>,<4>,<Jose Luis>,<60>,<3>,<Norberto Murara>,<43>,<6>,<Ezequiel Garay>,<12>,<13>,<Santi Mina>,<80>
<51>,<Sevilla>,<9>,<Sandro Ramirez>,<96>,<7>,<Nolito>,<80>,<11>,<Borja Lasso>,<12>,<10>,<Gabriel Mercado>,<21>
<20>,<Villarreal>,<7>,<Carlos Bacca>,<97>,<4>,<Nicola Sansone>,<78>,<8>,<Enes Unal>,<30>,<16>,<Alvaro Gonzales>,<3>
<18>,<Girona>,<13>,<Christian Stuani>,<72>,<6>,<Michael Olunga>,<61>,<17>,<Anthony Lozano>,<34>,<22>,<Pablo Maffeo>,<14>
<18>,<Betis>,<5>,<Loren Moron>,<82>,<14>,<Antonio Sanabria>,<83>,<10>,<Ruben Castro>,<24>,<12>,<Marc Bartra>,<20>
<17>,<Eibar>,<14>,<Sergi Enrich>,<64>,<15>,<Pedro Leon>,<50>,<11>,<Fabian Orellana>,<45>,<8>,<Kike Garcia>,<70>
<12>,<Celta de Vigo>,<2>,<Iago Aspas>,<23>,<7>,<Maximiliano Gomez>,<52>,<9>,<Pione Sisto>,<45>,<18>,<Hugo Mallo>,<11>
<13>,<Getafe>,<7>,<Loic Remy>,<37>,<8>,<Daniel Pacheco>,<43>,<13>,<Damian Suarez>,<33>,<15>,<Jorge Molina>,<44>
<14>,<Ath. Bilbao>,<3>,<Aritz Aduriz>,<55>,<14>,<Inaki Williams>,<48>,<20>,<Iker Muniain>,<60>,<23>,<Mikel San Jose>,<20>
<11>,<RCD Espanyol>,<17>,<Sergio Garcia>,<31>,<9>,<Gerard Moreno>,<37>,<2>,<Leo Baptistao>,<42>,<19>,<Marc Roca>,<29>
<12>,<Real Sociedad>,<10>,<William Jose>,<21>,<6>,<Juanmi Jimenez>,<26>,<16>,<Mikel Oyarzabal>,<35>,<12>,<Imanol Agirretxe>,<17>
<7>,<Leganes>,<7>,<Nordin Amrabat>,<39>,<10>,<Claudio Beauvue>,<33>,<18>,<Raul Garcia>,<37>,<13>,<Javi Eraso>,<4>
<8>,<Alaves>,<15>,<John Guidetti>,<51>,<7>,<Bojan Krkric>,<44>,<12>,<Munir El Haddadi>,<32>,<3>,<Victor Laguardia>,<18>
<5>,<Levante>,<9>,<Giampaolo Pazzini>,<19>,<11>,<Emanuel Boateng>,<33>,<15>,<Roger Marti>,<40>,<18>,<Armando Sadiku>,<31>
<6>,<U.D. Las Palmas>,<11>,<Jonathan Calleri>,<28>,<5>,<Emmanuel Emenike>,<19>,<7>,<Alberto Aquilani>,<25>,<16>,<Michel Macedo>,<10>
<3>,<Deportivo>,<6>,<Florin Andone>,<42>,<2>,<Juanfran Moreno>,<20>,<12>,<Lucas Perez>,<36>,<10>,<Fabian Schar>,<19>
<3>,<Malaga>,<11>,<Diego Rolan>,<31>,<9>,<Brown Ideye>,<20>,<22>,<Youssef Enesyri>,<40>,<15>,<Manuel Iturra>,<32>