<?xml version="1.0" encoding="UTF-8"?>
<project-private xmlns="http://www.netbeans.org/ns/project-private/1">
    <editor-bookmarks xmlns="http://www.netbeans.org/ns/editor-bookmarks/2" lastBookmarkId="0"/>
    <open-files xmlns="http://www.netbeans.org/ns/projectui-open-files/2">
        <group>
            <file>file:/C:/Users/Andrés/Desktop/Tareas%20escaneadas/UNI/Tercer%20Semestre/Análisis%20de%20Algoritmos/Proyecto%20-%20League%20Prediction/LeaguePrediction/src/leagueprediction/LeaguePrediction.java</file>
            <file>file:/C:/Users/Andrés/Desktop/Tareas%20escaneadas/UNI/Tercer%20Semestre/Análisis%20de%20Algoritmos/Proyecto%20-%20League%20Prediction/LeaguePrediction/src/leagueprediction/Team.java</file>
            <file>file:/C:/Users/Andrés/Desktop/Tareas%20escaneadas/UNI/Tercer%20Semestre/Análisis%20de%20Algoritmos/Proyecto%20-%20League%20Prediction/LeaguePrediction/src/leagueprediction/Sort.java</file>
            <file>file:/C:/Users/Andrés/Desktop/Tareas%20escaneadas/UNI/Tercer%20Semestre/Análisis%20de%20Algoritmos/Proyecto%20-%20League%20Prediction/LeaguePrediction/src/leagueprediction/League.java</file>
            <file>file:/C:/Users/Andrés/Desktop/Tareas%20escaneadas/UNI/Tercer%20Semestre/Análisis%20de%20Algoritmos/Proyecto%20-%20League%20Prediction/LeaguePrediction/src/leagueprediction/Player.java</file>
        </group>
    </open-files>
</project-private>
